{
	"format_version": "1.8.0",
	"animations": {
		"animation.fault_crawler.idle": {
			"loop": true,
			"bones": {
				"left_claw": {
					"rotation": [-93.60408, 39.27314, 10.93007]
				},
				"right_claw": {
					"rotation": [-93.60408, -39.27314, -10.93007]
				}
			}
		},
		"animation.fault_crawler.walk": {
			"loop": true,
			"animation_length": 0.7083,
			"bones": {
				"left_claw": {
					"rotation": [-93.60408, 39.27314, 10.93007]
				},
				"GG2": {
					"rotation": {
						"0.0": [0, 0, 45],
						"0.2917": [0, 0, 61],
						"0.5": [0, 0, 38],
						"0.7083": [0, 0, 45]
					}
				},
				"right_claw": {
					"rotation": [-93.60408, -39.27314, -10.93007]
				},
				"GG3": {
					"rotation": {
						"0.0": [0, 0, -45],
						"0.2917": [0, 0, -37],
						"0.5": [0, 0, -60],
						"0.7083": [0, 0, -45]
					}
				}
			}
		},
		"animation.fault_crawler.buried": {
			"loop": true,
			"bones": {
				"left_claw": {
					"rotation": [-93.60408, 39.27314, 10.93007]
				},
				"right_claw": {
					"rotation": [-93.60408, -39.27314, -10.93007]
				}
			}
		},
		"animation.fault_crawler.emerge": {
			"animation_length": 0.75,
			"bones": {
				"left_claw": {
					"rotation": [-93.60408, 39.27314, 10.93007]
				},
				"right_claw": {
					"rotation": [-93.60408, -39.27314, -10.93007]
				}
			}
		},
		"animation.fault_crawler.slam": {
			"animation_length": 0.5,
			"bones": {
				"left_claw": {
					"rotation": [-93.60408, 39.27314, 10.93007]
				},
				"right_claw": {
					"rotation": [-93.60408, -39.27314, -10.93007]
				}
			}
		},
		"animation.fault_crawler.pulse": {
			"animation_length": 0.5,
			"bones": {
				"left_claw": {
					"rotation": [-93.60408, 39.27314, 10.93007]
				},
				"right_claw": {
					"rotation": [-93.60408, -39.27314, -10.93007]
				}
			}
		},
		"animation.fault_crawler.sit": {
			"loop": true,
			"bones": {
				"left_claw": {
					"rotation": [-93.60408, 39.27314, 10.93007]
				},
				"right_claw": {
					"rotation": [-93.60408, -39.27314, -10.93007]
				}
			}
		},
		"animation.fault_crawler.perching": {
			"loop": true,
			"bones": {
				"left_claw": {
					"rotation": [-93.60408, 39.27314, 10.93007]
				},
				"right_claw": {
					"rotation": [-93.60408, -39.27314, -10.93007]
				}
			}
		},
		"animation.fault_crawler.perched": {
			"loop": true,
			"bones": {
				"left_claw": {
					"rotation": [-93.60408, 39.27314, 10.93007]
				},
				"right_claw": {
					"rotation": [-93.60408, -39.27314, -10.93007]
				}
			}
		}
	}
}