{
	"format_version": "1.8.0",
	"animations": {
		"animation.fault_crawler.idle": {
			"loop": true,
			"animation_length": 0.5,
			"bones": {
				"left_jaw": {
					"rotation": {
						"0.0": [0, 0, 0],
						"0.1667": [-5, 0, 0],
						"0.3333": [5, 0, 0],
						"0.5": [0, 0, 0]
					}
				},
				"left_claw": {
					"rotation": [-93.60408, 39.27314, 10.93007]
				},
				"right_claw": {
					"rotation": [-93.60408, -39.27314, -10.93007]
				},
				"right_jaw": {
					"rotation": {
						"0.0": [0, 0, 0],
						"0.1667": [5, 0, 0],
						"0.3333": [-5, 0, 0],
						"0.5": [0, 0, 0]
					}
				}
			}
		},
		"animation.fault_crawler.walk": {
			"loop": true,
			"animation_length": 0.5,
			"bones": {
				"left_jaw": {
					"rotation": {
						"0.0": [0, 0, 0],
						"0.1667": [-5, 0, 0],
						"0.3333": [5, 0, 0],
						"0.5": [0, 0, 0]
					}
				},
				"left_back_leg": {
					"rotation": {
						"0.0": [6, 0, -18],
						"0.125": [10, 0, -18],
						"0.25": [0, 0, 8],
						"0.375": [-3, 0, 8],
						"0.5": [6, 0, -18]
					}
				},
				"left_middle_leg": {
					"rotation": {
						"0.0": [0, 0, 10],
						"0.125": [-4, 0, 10],
						"0.25": [8, 0, -20],
						"0.375": [12, 0, -20],
						"0.5": [0, 0, 10]
					}
				},
				"left_front_leg": {
					"rotation": {
						"0.0": [8, 0, -20],
						"0.125": [12, 0, -20],
						"0.25": [0, 0, 10],
						"0.375": [-4, 0, 10],
						"0.5": [8, 0, -20]
					}
				},
				"left_claw": {
					"rotation": [-93.60408, 39.27314, 10.93007]
				},
				"GG2": {
					"rotation": {
						"0.0": [0, 0, 45],
						"0.2083": [0, -5, 61],
						"0.375": [0, 0, 38],
						"0.5": [0, -5, 45]
					}
				},
				"right_middle_leg": {
					"rotation": {
						"0.0": [8, 0, 18],
						"0.125": [12, 0, 18],
						"0.25": [0, 0, -8],
						"0.375": [-4, 0, -8],
						"0.5": [8, 0, 18]
					}
				},
				"right_back_leg": {
					"rotation": {
						"0.0": [0, 0, -8],
						"0.125": [-3, 0, -8],
						"0.25": [6, 0, 18],
						"0.375": [10, 0, 18],
						"0.5": [0, 0, -8]
					}
				},
				"right_front_leg": {
					"rotation": {
						"0.0": [0, 0, -10],
						"0.125": [-4, 0, -10],
						"0.25": [8, 0, 20],
						"0.375": [12, 0, 20],
						"0.5": [0, 0, -10]
					}
				},
				"right_claw": {
					"rotation": [-93.60408, -39.27314, -10.93007]
				},
				"GG3": {
					"rotation": {
						"0.0": [0, -5, -45],
						"0.125": [0, 0, -37],
						"0.2917": [0, -5, -60],
						"0.5": [0, 0, -45]
					}
				},
				"right_jaw": {
					"rotation": {
						"0.0": [0, 0, 0],
						"0.1667": [5, 0, 0],
						"0.3333": [-5, 0, 0],
						"0.5": [0, 0, 0]
					}
				}
			}
		},
		"animation.fault_crawler.buried": {
			"loop": true,
			"bones": {
				"left_claw": {
					"rotation": [-93.60408, 39.27314, 10.93007]
				},
				"right_claw": {
					"rotation": [-93.60408, -39.27314, -10.93007]
				}
			}
		},
		"animation.fault_crawler.emerge": {
			"animation_length": 0.75,
			"bones": {
				"left_claw": {
					"rotation": [-93.60408, 39.27314, 10.93007]
				},
				"right_claw": {
					"rotation": [-93.60408, -39.27314, -10.93007]
				}
			}
		},
		"animation.fault_crawler.slam": {
			"animation_length": 0.5,
			"bones": {
				"left_claw": {
					"rotation": [-93.60408, 39.27314, 10.93007]
				},
				"right_claw": {
					"rotation": [-93.60408, -39.27314, -10.93007]
				}
			}
		},
		"animation.fault_crawler.pulse": {
			"animation_length": 0.5,
			"bones": {
				"left_claw": {
					"rotation": [-93.60408, 39.27314, 10.93007]
				},
				"right_claw": {
					"rotation": [-93.60408, -39.27314, -10.93007]
				}
			}
		},
		"animation.fault_crawler.sit": {
			"loop": true,
			"bones": {
				"left_claw": {
					"rotation": [-93.60408, 39.27314, 10.93007]
				},
				"right_claw": {
					"rotation": [-93.60408, -39.27314, -10.93007]
				}
			}
		},
		"animation.fault_crawler.perching": {
			"loop": true,
			"bones": {
				"left_claw": {
					"rotation": [-93.60408, 39.27314, 10.93007]
				},
				"right_claw": {
					"rotation": [-93.60408, -39.27314, -10.93007]
				}
			}
		},
		"animation.fault_crawler.perched": {
			"loop": true,
			"bones": {
				"left_claw": {
					"rotation": [-93.60408, 39.27314, 10.93007]
				},
				"right_claw": {
					"rotation": [-93.60408, -39.27314, -10.93007]
				}
			}
		}
	}
}