{
	"format_version": "1.8.0",
	"animations": {
		"animation.kruemblegard.attack": {
			"loop": false,
			"animation_length": 0.5,
			"bones": {
				"right_arm": {
					"rotation": {
						"0.0": [0, 0, 0],
						"0.2": [-55, 0, 0],
						"0.5": [0, 0, 0]
					}
				}
			}
		},
		"animation.kruemblegard.idle": {
			"loop": true,
			"animation_length": 1,
			"bones": {
				"torso": {
					"position": {
						"0.0": [0, 0, 0],
						"0.5": [0, 1, 0],
						"1.0": [0, 0, 0]
					}
				},
				"whirlwind": {
					"rotation": {
						"0.0": [0, 0, 0],
						"1.0": [0, 360, 0]
					}
				},
				"lower_stone": {
					"rotation": {
						"0.0": [0, -3, -5],
						"0.1": [-45, -3, -5],
						"0.2": [-90, -3, -5],
						"0.3": [-135, -3, -5],
						"0.4": [-180, -1, -3],
						"0.5": [-225, -1, -3],
						"0.6": [-270, -1, -3],
						"0.7": [-315, -0.5, -1.5],
						"0.8": [-360, 0, 0]
					},
					"position": {
						"0.0": [0, 0, 0],
						"0.1": [-0.15, -0.5, -0.48],
						"0.2": [-0.30902, -1, -0.95106],
						"0.3": [-0.6, 0.5, -1.36],
						"0.4": [-0.89779, 2, -1.75902],
						"0.5": [-0.49, 1.5, -1.47],
						"0.6": [-0.09098, 1, -1.17221],
						"0.7": [-0.24, 1.5, -0.7],
						"0.8": [-0.39902, 2, -0.21894],
						"0.9": [-0.2, 1, -0.11],
						"1.0": [0, 0, 0]
					}
				},
				"top_stone": {
					"rotation": {
						"0.0": [-360, -5, 0],
						"0.1": [-315, -5, 0],
						"0.2": [-270, -5, 0],
						"0.3": [-225, -5, 0],
						"0.4": [-180, -3, 0],
						"0.5": [-135, -3, 0],
						"0.6": [-90, -3, 0],
						"0.7": [-45, -1.5, 0],
						"0.8": [0, 0, 0]
					},
					"position": {
						"0.0": [0, 0, 0],
						"0.1": [-0.15, -0.5, -0.48],
						"0.2": [-0.30902, -1, -0.95106],
						"0.3": [0.28, -1.5, -0.14],
						"0.4": [0.86557, -2, 0.66803],
						"0.5": [1.16, -1.5, 0.26],
						"0.6": [1.45779, -1, -0.13902],
						"0.7": [0.98, -0.5, -0.29],
						"0.8": [0.50894, 0, -0.44902],
						"0.9": [0.25, 0, -0.22],
						"1.0": [0, 0, 0]
					}
				}
			}
		},
		"animation.kruemblegard.attack_melee": {
			"loop": false,
			"animation_length": 0.5,
			"bones": {
				"right_arm": {
					"rotation": {
						"0.0": [0, 0, 0],
						"0.2": [-70, 0, 0],
						"0.5": [0, 0, 0]
					}
				},
				"torso": {
					"rotation": {
						"0.0": [0, 0, 0],
						"0.2": [0, 10, 0],
						"0.5": [0, 0, 0]
					}
				}
			}
		},
		"animation.kruemblegard.attack_rune_bolt": {
			"loop": false,
			"animation_length": 0.6,
			"bones": {
				"right_arm": {
					"rotation": {
						"0.0": [0, 0, 0],
						"0.2": [-25, -15, 0],
						"0.4": [-10, 10, 0],
						"0.6": [0, 0, 0]
					}
				},
				"whirlwind": {
					"rotation": {
						"0.0": [0, 0, 0],
						"0.6": [0, 540, 0]
					}
				}
			}
		},
		"animation.kruemblegard.attack_dash": {
			"loop": false,
			"animation_length": 0.4,
			"bones": {
				"torso": {
					"rotation": {
						"0.0": [0, 0, 0],
						"0.1": [20, 0, 0],
						"0.4": [0, 0, 0]
					}
				},
				"whirlwind": {
					"rotation": {
						"0.0": [0, 0, 0],
						"0.4": [0, 720, 0]
					}
				}
			}
		},
		"animation.kruemblegard.attack_meteor_arm": {
			"loop": false,
			"animation_length": 0.7,
			"bones": {
				"right_arm": {
					"rotation": {
						"0.0": [0, 0, 0],
						"0.2": [-40, 0, 0],
						"0.5": [-10, 0, 0],
						"0.7": [0, 0, 0]
					}
				},
				"torso": {
					"rotation": {
						"0.0": [0, 0, 0],
						"0.2": [0, -12, 0],
						"0.7": [0, 0, 0]
					}
				}
			}
		},
		"animation.kruemblegard.attack_arcane_storm": {
			"loop": false,
			"animation_length": 1,
			"bones": {
				"whirlwind": {
					"rotation": {
						"0.0": [0, 0, 0],
						"1.0": [0, 1080, 0]
					}
				},
				"torso": {
					"position": {
						"0.0": [0, 0, 0],
						"0.5": [0, 1.5, 0],
						"1.0": [0, 0, 0]
					}
				}
			}
		},
		"animation.kruemblegard.move": {
			"loop": true,
			"animation_length": 1,
			"bones": {
				"torso": {
					"position": {
						"0.0": [0, 0, 0],
						"0.5": [0, 1, 0],
						"1.0": [0, 0, 0]
					}
				},
				"whirlwind": {
					"rotation": {
						"0.0": [0, 0, 0],
						"1.0": [0, 360, 0]
					}
				},
				"lower_stone": {
					"rotation": {
						"0.0": [0, -3, -5],
						"0.1": [-45, -3, -5],
						"0.2": [-90, -3, -5],
						"0.3": [-135, -3, -5],
						"0.4": [-180, -1, -3],
						"0.5": [-225, -1, -3],
						"0.6": [-270, -1, -3],
						"0.7": [-315, -0.5, -1.5],
						"0.8": [-360, 0, 0]
					},
					"position": {
						"0.0": [0, 0, 0],
						"0.1": [-0.15, -0.5, -0.48],
						"0.2": [-0.30902, -1, -0.95106],
						"0.3": [-0.6, 0.5, -1.36],
						"0.4": [-0.89779, 2, -1.75902],
						"0.5": [-0.49, 1.5, -1.47],
						"0.6": [-0.09098, 1, -1.17221],
						"0.7": [-0.24, 1.5, -0.7],
						"0.8": [-0.39902, 2, -0.21894],
						"0.9": [-0.2, 1, -0.11],
						"1.0": [0, 0, 0]
					}
				},
				"top_stone": {
					"rotation": {
						"0.0": [-360, -5, 0],
						"0.1": [-315, -5, 0],
						"0.2": [-270, -5, 0],
						"0.3": [-225, -5, 0],
						"0.4": [-180, -3, 0],
						"0.5": [-135, -3, 0],
						"0.6": [-90, -3, 0],
						"0.7": [-45, -1.5, 0],
						"0.8": [0, 0, 0]
					},
					"position": {
						"0.0": [0, 0, 0],
						"0.1": [-0.15, -0.5, -0.48],
						"0.2": [-0.30902, -1, -0.95106],
						"0.3": [0.28, -1.5, -0.14],
						"0.4": [0.86557, -2, 0.66803],
						"0.5": [1.16, -1.5, 0.26],
						"0.6": [1.45779, -1, -0.13902],
						"0.7": [0.98, -0.5, -0.29],
						"0.8": [0.50894, 0, -0.44902],
						"0.9": [0.25, 0, -0.22],
						"1.0": [0, 0, 0]
					}
				}
			}
		}
	}
}