{
	"format_version": "1.10.0",
	"animations": {
		"animation.kruemblegard.attack": {
			"animation_length": 0.8,
			"bones": {
				"right_arm": {
					"rotation": {
						"0.0": [0, 0, 0],
						"0.2": [-55, 0, 0],
						"0.5": [0, 0, 0]
					}
				},
				"whirlwind": {
					"rotation": {
						"0.0": [0, 0, 0],
						"0.8": [0, 720, 0]
					}
				}
			}
		},
		"animation.kruemblegard.attack_melee": {
			"animation_length": 0.9167,
			"bones": {
				"torso": {
					"rotation": {
						"0.0": [0, 0, 0],
						"0.125": [-6, -8, 0],
						"0.25": [8, 12, 0],
						"0.5417": [2, 3, 0],
						"0.875": [0, 0, 0]
					}
				},
				"right_arm2": {
					"rotation": {
						"0.0417": [-43.94359, -12.34191, 1.80112],
						"0.125": [-43.12, -16.63, -3.33],
						"0.7917": [-43.9337, -43.86334, -35.14177],
						"0.875": [-37.5, 0, 0]
					}
				},
				"left_arm2": {
					"rotation": {
						"0.125": [-1.63, 10.34, -13.3],
						"0.7917": [55.41001, 69.33019, 57.15966],
						"0.875": [0, 0, 0]
					}
				},
				"right_arm_down": {
					"rotation": {
						"0.125": [0, 0, -2.25],
						"0.8333": [0, 0, -30]
					}
				},
				"left_arm_down": {
					"rotation": {
						"0.0417": [-64.66239, 9.05478, 4.26175],
						"0.125": [-64.66, 9.05, 4.26],
						"0.7917": [-82.16, 9.05, 4.26],
						"0.875": [-48.26249, 24.491, 17.59001]
					}
				},
				"whirlwind": {
					"rotation": {
						"0.0": [0, 0, 0],
						"0.7917": [0, 720, 0]
					}
				}
			}
		},
		"animation.kruemblegard.attack_rune_bolt": {
			"loop": false,
			"animation_length": 0.8,
			"bones": {
				"right_arm": {
					"rotation": {
						"0.0": [0, 0, 0],
						"0.27": [-25, -15, 0],
						"0.53": [-10, 10, 0],
						"0.8": [0, 0, 0]
					}
				},
				"whirlwind": {
					"rotation": {
						"0.0": [0, 0, 0],
						"0.8": [0, 720, 0]
					}
				}
			}
		},
		"animation.kruemblegard.attack_dash": {
			"loop": false,
			"animation_length": 0.7,
			"bones": {
				"torso": {
					"rotation": {
						"0.0": [0, 0, 0],
						"0.175": [20, 0, 0],
						"0.7": [0, 0, 0]
					}
				},
				"whirlwind": {
					"rotation": {
						"0.0": [0, 0, 0],
						"0.7": [0, 1260, 0]
					}
				}
			}
		},
		"animation.kruemblegard.attack_meteor_arm": {
			"animation_length": 1.1,
			"bones": {
				"right_arm": {
					"rotation": {
						"0.0": [0, 0, 0],
						"0.31": [-40, 0, 0],
						"0.79": [-10, 0, 0],
						"1.1": [0, 0, 0]
					}
				},
				"torso": {
					"rotation": {
						"0.0": [0, 0, 0],
						"0.31": [0, -12, 0],
						"1.1": [0, 0, 0]
					}
				},
				"whirlwind": {
					"rotation": {
						"0.0": [0, 0, 0],
						"0.8": [0, 720, 0]
					}
				}
			}
		},
		"animation.kruemblegard.attack_arcane_storm": {
			"loop": false,
			"animation_length": 1.3,
			"bones": {
				"whirlwind": {
					"rotation": {
						"0.0": [0, 0, 0],
						"1.3": [0, 1440, 0]
					}
				},
				"torso": {
					"position": {
						"0.0": [0, 0, 0],
						"0.65": [0, 1.5, 0],
						"1.3": [0, 0, 0]
					}
				}
			}
		},
		"animation.kruemblegard.move": {
			"loop": true,
			"animation_length": 4,
			"bones": {
				"torso": {
					"position": {
						"0.0": [0, 0, 0],
						"0.5": [0, 1, 0],
						"1.0": [0, 0, 0]
					}
				},
				"whirlwind": {
					"rotation": {
						"0.0": [0, 0, 0],
						"0.5": [0, -180, 0],
						"1.0": [0, -360, 0],
						"1.7": [0, -180, 0],
						"2.4": [0, 0, 0],
						"3.2": [0, -180, 0],
						"4.0": [0, -360, 0]
					}
				},
				"lower_stone": {
					"rotation": {
						"0.0": [0, -3, -5],
						"0.5": [-45, -3, -5],
						"1.0": [-90, -3, -5],
						"1.5": [-135, -3, -5],
						"2.0": [-180, -1, -3],
						"2.5": [-225, -1, -3],
						"3.0": [-270, -1, -3],
						"3.5": [-315, -0.5, -1.5],
						"4.0": [-360, 0, 0]
					},
					"position": {
						"0.0": [0, 0, 0],
						"0.4": [-0.15, -0.5, -0.48],
						"0.8": [-0.30902, -1, -0.95106],
						"1.2": [-0.6, 0.5, -1.36],
						"1.6": [-0.89779, 2, -1.75902],
						"2.0": [-0.49, 1.5, -1.47],
						"2.4": [-0.09098, 1, -1.17221],
						"2.8": [-0.24, 1.5, -0.7],
						"3.2": [-0.39902, 2, -0.21894],
						"3.6": [-0.2, 1, -0.11],
						"4.0": [0, 0, 0]
					}
				},
				"top_stone": {
					"rotation": {
						"0.0": [-360, -5, 0],
						"0.5": [-315, -5, 0],
						"1.0": [-270, -5, 0],
						"1.5": [-225, -5, 0],
						"2.0": [-180, -3, 0],
						"2.5": [-135, -3, 0],
						"3.0": [-90, -3, 0],
						"3.5": [-45, -1.5, 0],
						"4.0": [0, 0, 0]
					},
					"position": {
						"0.0": [0, 0, 0],
						"0.4": [-0.15, -0.5, -0.48],
						"0.8": [-0.30902, -1, -0.95106],
						"1.2": [0.28, -1.5, -0.14],
						"1.6": [0.86557, -2, 0.66803],
						"2.0": [1.16, -1.5, 0.26],
						"2.4": [1.45779, -1, -0.13902],
						"2.8": [0.98, -0.5, -0.29],
						"3.2": [0.50894, 0, -0.44902],
						"3.6": [0.25, 0, -0.22],
						"4.0": [0, 0, 0]
					}
				},
				"left_finger1": {
					"rotation": {
						"0.0": [0, 0, 5],
						"4.0": [0, 0, 0]
					}
				},
				"left_finger3": {
					"rotation": {
						"0.0": [0, 0, 0],
						"2.0": [0, 0, 5],
						"4.0": [0, 0, 0]
					}
				},
				"left_finger2": {
					"rotation": {
						"0.0": [0, 0, 0],
						"1.0": [0, 0, -5],
						"4.0": [0, 0, 0]
					}
				},
				"big_finger_left": {
					"rotation": {
						"0.0": [0, 0, 0],
						"3.0": [0, 0, -5],
						"4.0": [0, 0, 0]
					}
				},
				"big_finger_right": {
					"rotation": {
						"0.0": [0, 0, 0],
						"3.0": [0, 0, 5],
						"4.0": [0, 0, 0]
					}
				},
				"right_finger2": {
					"rotation": {
						"0.0": [0, 0, 0],
						"1.0": [0, 0, 5],
						"4.0": [0, 0, 0]
					}
				},
				"right_finger3": {
					"rotation": {
						"0.0": [0, 0, 0],
						"2.0": [0, 0, -5],
						"4.0": [0, 0, 0]
					}
				},
				"right_finger1": {
					"rotation": {
						"0.0": [0, 0, -5],
						"4.0": [0, 0, 0]
					}
				}
			}
		},
		"animation.kruemblegard.idle": {
			"loop": true,
			"animation_length": 4,
			"bones": {
				"torso": {
					"position": {
						"0.0": [0, 0, 0],
						"0.5": [0, 1, 0],
						"1.0": [0, 0, 0]
					}
				},
				"whirlwind": {
					"rotation": {
						"0.0": [0, 0, 0],
						"0.5": [0, -180, 0],
						"1.0": [0, -360, 0],
						"1.7": [0, -180, 0],
						"2.4": [0, 0, 0],
						"3.2": [0, -180, 0],
						"4.0": [0, -360, 0]
					}
				},
				"lower_stone": {
					"rotation": {
						"0.0": [0, -3, -5],
						"0.5": [-45, -3, -5],
						"1.0": [-90, -3, -5],
						"1.5": [-135, -3, -5],
						"2.0": [-180, -1, -3],
						"2.5": [-225, -1, -3],
						"3.0": [-270, -1, -3],
						"3.5": [-315, -0.5, -1.5],
						"4.0": [-360, 0, 0]
					},
					"position": {
						"0.0": [0, 0, 0],
						"0.4": [-0.15, -0.5, -0.48],
						"0.8": [-0.30902, -1, -0.95106],
						"1.2": [-0.6, 0.5, -1.36],
						"1.6": [-0.89779, 2, -1.75902],
						"2.0": [-0.49, 1.5, -1.47],
						"2.4": [-0.09098, 1, -1.17221],
						"2.8": [-0.24, 1.5, -0.7],
						"3.2": [-0.39902, 2, -0.21894],
						"3.6": [-0.2, 1, -0.11],
						"4.0": [0, 0, 0]
					}
				},
				"top_stone": {
					"rotation": {
						"0.0": [-360, -5, 0],
						"0.5": [-315, -5, 0],
						"1.0": [-270, -5, 0],
						"1.5": [-225, -5, 0],
						"2.0": [-180, -3, 0],
						"2.5": [-135, -3, 0],
						"3.0": [-90, -3, 0],
						"3.5": [-45, -1.5, 0],
						"4.0": [0, 0, 0]
					},
					"position": {
						"0.0": [0, 0, 0],
						"0.4": [-0.15, -0.5, -0.48],
						"0.8": [-0.30902, -1, -0.95106],
						"1.2": [0.28, -1.5, -0.14],
						"1.6": [0.86557, -2, 0.66803],
						"2.0": [1.16, -1.5, 0.26],
						"2.4": [1.45779, -1, -0.13902],
						"2.8": [0.98, -0.5, -0.29],
						"3.2": [0.50894, 0, -0.44902],
						"3.6": [0.25, 0, -0.22],
						"4.0": [0, 0, 0]
					}
				},
				"left_finger1": {
					"rotation": {
						"0.0": [0, 0, 5],
						"4.0": [0, 0, 0]
					}
				},
				"left_finger3": {
					"rotation": {
						"0.0": [0, 0, 0],
						"2.0": [0, 0, 5],
						"4.0": [0, 0, 0]
					}
				},
				"left_finger2": {
					"rotation": {
						"0.0": [0, 0, 0],
						"1.0": [0, 0, -5],