{
	"format_version": "1.8.0",
	"animations": {
		"animation.pebblit.idle": {
			"loop": true,
			"bones": {}
		},
		"animation.pebblit.walk": {
			"loop": true,
			"animation_length": 0.7083,
			"bones": {
				"bone26": {
					"rotation": {
						"0.0": [-0.36, 0, -0.23],
						"0.3333": [-0.36947, -12.99974, -0.14689],
						"0.375": [-0.36, 0, -0.23],
						"0.6667": [-0.3633, -6.37487, -0.18957],
						"0.7083": [-0.36947, -12.99974, -0.14689]
					}
				},
				"bone27": {
					"rotation": {
						"0.0": [0, 0, -17],
						"0.2917": [0, 0, -28],
						"0.375": [0, 0, -17],
						"0.6667": [0, 0, -28]
					}
				},
				"bone20": {
					"rotation": {
						"0.0": [0, 0, 0],
						"0.3333": [0, -30, 0],
						"0.375": [0, 0, 0],
						"0.6667": [0, -16.25, 0],
						"0.7083": [0, -30, 0]
					}
				},
				"bone24": {
					"rotation": {
						"0.0": [0, 0, 0],
						"0.3333": [0, -19, 0],
						"0.375": [0, 0, 0],
						"0.5417": [0, 4.5, 0],
						"0.7083": [0, -19, 0]
					}
				},
				"bone25": {
					"rotation": {
						"0.0": [0, 0, -22],
						"0.1667": [0, 0, -34],
						"0.375": [0, 0, -22],
						"0.5417": [0, 0, -34]
					}
				},
				"bone18": {
					"rotation": {
						"0.0": [0, 0, 0],
						"0.3333": [0, -19, 0],
						"0.375": [0, 0, 0],
						"0.5417": [0, 2.5, 0],
						"0.7083": [0, -19, 0]
					}
				},
				"bone19": {
					"rotation": {
						"0.0": [0, 0, 20],
						"0.1667": [0, 0, 38],
						"0.375": [0, 0, 20],
						"0.5417": [0, 0, 38]
					}
				},
				"bone22": {
					"rotation": {
						"0.0": [0, 0, 0],
						"0.3333": [0, -30, 0],
						"0.375": [0, 0, 0],
						"0.4583": [0, 4.5, 0],
						"0.7083": [0, -30, 0]
					}
				},
				"bone16": {
					"rotation": {
						"0.0": [0, 0, 0],
						"0.3333": [0, -15, 0],
						"0.375": [0, 0, 0],
						"0.4583": [0, 13.25, 0],
						"0.7083": [0, -15, 0]
					}
				},
				"bone17": {
					"rotation": {
						"0.0": [0, 0, 22.5],
						"0.2917": [0, 0, 39.5],
						"0.375": [0, 0, 22.5],
						"0.6667": [0, 0, 39.5]
					}
				},
				"bone21": {
					"rotation": {
						"0.0": [0, 0, 23],
						"0.0833": [0, 0, 38],
						"0.375": [0, 0, 23],
						"0.4583": [0, 0, 38]
					}
				},
				"bone23": {
					"rotation": {
						"0.0": [0, 0, -25],
						"0.0833": [0, 0, -35],
						"0.375": [0, 0, -25],
						"0.4583": [0, 0, -35]
					}
				},
				"Head2": {
					"rotation": ["-math.sin(query.anim_time * 120) * 6", 0, "math.cos(query.anim_time * 100) * 4"],
					"position": {
						"0.0": [0, "1+math.sin(query.anim_time * 90) * 1", 0],
						"0.0417": [0, "math.sin(query.anim_time * 90) * 1", 0]
					}
				},
				"torso2": {
					"rotation": {
						"0.0": [0, 0, 0],
						"0.125": [90, 0, 0],
						"0.2917": [180, 0, 0],
						"0.5": [270, 0, 0],
						"0.7083": [360, 0, 0]
					}
				}
			}
		},
		"animation.pebblit.sit": {
			"loop": true,
			"bones": {}
		},
		"animation.pebblit.perching": {
			"loop": false,
			"bones": {}
		},
		"animation.pebblit.perched": {
			"loop": true,
			"bones": {}
		}
	}
}